"measurement_id","location_id","pm25","pm10","no2","co","so2","o3","recorded_at","AQI"
"1","225629","25.2","44","43.1032","1124.7","0","19.2729","2024-10-25 07:06:24","51"
"2","225629","25.2","44","43.1032","1124.7","0","19.2729","2024-10-25 07:09:42","51"
"3","225567","19.5","51","20.5253","124.967","2.8582","32.1216","2024-10-25 07:10:42","37"
"4","228544","22.1","32","8.2101","749.802","2.8582","12.8486","2024-10-25 07:11:42","43"
"5","353740","16.6","37","12.3152","374.901","0","17.1315","2024-10-25 07:12:43","30"
"6","228627","9.6","18","8.2101","374.901","0","21.4144","2024-10-25 07:13:43","16"
"7","354124","12.6","27","8.2101","249.934","0","44.9702","2024-10-25 07:14:43","21"
"8","225629","26.4","45","51.3134","1124.7","0","19.2729","2024-10-25 08:00:01","56"
"9","225567","19.9","52","24.6304","124.967","2.8582","25.6973","2024-10-25 08:01:02","38"
"10","228544","22.3","32","8.2101","624.835","2.8582","10.7072","2024-10-25 08:02:03","43"
"11","353740","16.8","37","16.4203","374.901","0","17.1315","2024-10-25 08:03:04","30"
"12","228627","9.5","17","6.1576","374.901","0","21.4144","2024-10-25 08:04:04","16"
"13","354124","12.3","27","14.3677","249.934","0","47.1116","2024-10-25 08:05:05","21"
"14","225629","27.5","47","51.3134","999.736","0","17.1315","2024-10-25 09:00:01","60"
"15","225567","20.1","53","22.5779","124.967","2.8582","21.4144","2024-10-25 09:01:02","38"
"16","228544","22.6","33","6.1576","624.835","2.8582","14.9901","2024-10-25 09:02:03","44"
"17","353740","17.1","37","22.5779","374.901","0","14.9901","2024-10-25 09:03:04","31"
"18","228627","9.4","17","12.3152","374.901","0","23.5558","2024-10-25 09:04:05","16"
"19","354124","12.1","26","26.6829","249.934","0","44.9702","2024-10-25 09:05:06","20"
"20","225629","28.5","48","43.1032","999.736","0","19.2729","2024-10-25 10:00:01","64"
"21","225567","19.8","52","32.8405","124.967","2.8582","17.1315","2024-10-25 10:01:02","37"
"22","228544","23","33","8.2101","624.835","2.8582","21.4144","2024-10-25 10:02:02","45"
"23","353740","17.3","37","24.6304","499.868","2.8582","17.1315","2024-10-25 10:03:03","31"
"24","228627","9.4","17","4.1051","374.901","0","25.6973","2024-10-25 10:04:04","16"
"25","354124","12.1","26","20.5253","249.934","0","42.8288","2024-10-25 10:05:05","20"
"26","225629","28.8","48","28.7355","874.769","0","23.5558","2024-10-25 11:00:00","66"
"27","225567","19.9","53","41.0507","124.967","2.8582","19.2729","2024-10-25 11:01:01","38"
"28","228544","23.4","33","8.2101","624.835","2.8582","29.9801","2024-10-25 11:02:02","46"
"29","353740","17.6","37","16.4203","499.868","2.8582","21.4144","2024-10-25 11:03:03","32"
"30","228627","9.4","17","2.0525","374.901","2.8582","29.9801","2024-10-25 11:04:04","16"
"31","354124","12.1","26","20.5253","374.901","0","42.8288","2024-10-25 11:05:05","20"
"32","225629","29.1","49","20.5253","874.769","0","32.1216","2024-10-25 12:00:03","67"
"33","225567","20.3","53","47.2083","124.967","2.8582","23.5558","2024-10-25 12:01:04","39"
"34","228544","23.9","34","8.2101","624.835","2.8582","38.5459","2024-10-25 12:02:05","47"
"35","353740","17.7","37","18.4728","499.868","2.8582","27.8387","2024-10-25 12:03:06","32"
"36","228627","9.5","17","2.0525","374.901","2.8582","36.4045","2024-10-25 12:04:07","16"
"37","354124","12.2","27","22.5779","374.901","0","44.9702","2024-10-25 12:05:08","20"
"38","225629","29.1","49","18.4728","749.802","0","42.8288","2024-10-25 13:00:01","67"
"39","225567","20.5","53","38.9981","124.967","2.8582","32.1216","2024-10-25 13:01:02","39"
"40","228544","24.2","34","6.1576","624.835","2.8582","47.1116","2024-10-25 13:02:03","48"
"41","353740","17.8","36","14.3677","499.868","2.8582","36.4045","2024-10-25 13:03:04","33"
"42","228627","9.3","17","2.0525","249.934","2.8582","40.6873","2024-10-25 13:04:05","16"
"43","354124","12.2","26","22.5779","374.901","0","49.2531","2024-10-25 13:05:06","20"
"44","225567","20.5","53","38.9981","124.967","2.8582","32.1216","2024-10-25 13:15:14","39"
"45","228544","24.2","34","6.1576","624.835","2.8582","47.1116","2024-10-25 13:16:14","48"
"46","353740","17.8","36","14.3677","499.868","2.8582","36.4045","2024-10-25 13:17:14","33"
"47","228627","9.3","17","2.0525","249.934","2.8582","40.6873","2024-10-25 13:18:15","16"
"48","354124","12.2","26","22.5779","374.901","0","49.2531","2024-10-25 13:19:15","20"
"49","225629","29.1","49","14.3677","749.802","0","53.536","2024-10-25 14:00:01","67"
"50","225567","20.8","54","30.788","124.967","2.8582","42.8288","2024-10-25 14:01:03","40"
"51","228544","24.4","35","6.1576","624.835","2.8582","55.6774","2024-10-25 14:02:04","49"
"52","353740","18","34","12.3152","499.868","2.8582","44.9702","2024-10-25 14:03:05","33"
"53","228627","9.3","17","2.0525","249.934","0","47.1116","2024-10-25 14:04:06","16"
"54","354124","12.1","26","2.0525","374.901","0","55.6774","2024-10-25 14:05:07","20"
"55","225629","29","48","16.4203","749.802","0","68.526","2024-10-25 15:00:01","66"
"56","225567","21.1","54","41.0507","124.967","2.8582","49.2531","2024-10-25 15:01:02","41"
"57","228544","24.7","35","6.1576","624.835","2.8582","64.2432","2024-10-25 15:02:03","49"
"58","353740","18.2","33","20.5253","499.868","2.8582","53.536","2024-10-25 15:03:04","34"
"59","228627","9.2","17","2.0525","249.934","0","51.3945","2024-10-25 15:04:05","15"
"60","354124","12.2","27","2.0525","374.901","0","66.3846","2024-10-25 15:05:06","20"
"61","225629","28.9","48","16.4203","624.835","0","81.3747","2024-10-25 16:00:00","66"
"62","225567","21.1","54","43.1032","124.967","2.8582","59.9603","2024-10-25 16:01:02","41"
"63","228544","24.9","36","6.1576","499.868","2.8582","72.8089","2024-10-25 16:02:03","50"
"64","353740","18.3","32","16.4203","499.868","2.8582","59.9603","2024-10-25 16:03:04","34"
"65","228627","9.2","17","2.0525","249.934","0","57.8188","2024-10-25 16:04:05","15"
"66","354124","12.2","27","2.0525","374.901","0","77.0918","2024-10-25 16:05:06","20"
"67","225629","28.5","47","18.4728","499.868","0","96.3647","2024-10-25 17:00:00","64"
"68","225567","21.5","55","36.9456","124.967","2.8582","66.3846","2024-10-25 17:01:01","42"
"69","228544","25.1","36","6.1576","499.868","2.8582","79.2332","2024-10-25 17:02:02","51"
"70","353740","18.5","32","22.5779","499.868","5.7164","68.526","2024-10-25 17:03:03","34"
"71","228627","9.2","17","4.1051","124.967","0","64.2432","2024-10-25 17:04:04","15"
"72","354124","12.2","27","2.0525","374.901","0","87.799","2024-10-25 17:05:05","20"
"73","225629","28.3","47","28.7355","499.868","0","104.93","2024-10-25 18:00:01","64"
"74","225567","21.8","55","36.9456","124.967","2.8582","74.9503","2024-10-25 18:01:01","42"
"75","228544","25.3","37","12.3152","624.835","2.8582","79.2332","2024-10-25 18:02:03","52"
"76","353740","18.7","31","20.5253","499.868","5.7164","74.9503","2024-10-25 18:03:04","35"
"77","228627","9.1","17","4.1051","124.967","2.8582","66.3846","2024-10-25 18:04:05","15"
"78","354124","12.3","27","2.0525","374.901","0","100.648","2024-10-25 18:05:05","21"
"79","225629","28.3","47","28.7355","499.868","0","109.213","2024-10-25 19:00:00","64"
"80","225567","21.8","55","36.9456","124.967","2.8582","74.9503","2024-10-25 19:01:01","42"
"81","228544","25.3","37","12.3152","624.835","2.8582","79.2332","2024-10-25 19:02:02","52"
"82","353740","18.7","31","20.5253","499.868","5.7164","74.9503","2024-10-25 19:03:03","35"
"83","228627","9.1","17","4.1051","124.967","2.8582","66.3846","2024-10-25 19:04:04","15"
"84","354124","12.3","27","2.0525","374.901","0","100.648","2024-10-25 19:05:05","21"
"85","225629","28.5","47","59.5235","499.868","0","111.355","2024-10-25 20:00:00","64"
"86","225567","21.8","56","41.0507","124.967","2.8582","79.2332","2024-10-25 20:01:01","42"
"87","228544","25.3","37","45.1558","624.835","2.8582","66.3846","2024-10-25 20:02:02","52"
"88","353740","18.8","30","20.5253","499.868","5.7164","83.5161","2024-10-25 20:03:03","35"
"89","228627","8.8","16","6.1576","124.967","0","68.526","2024-10-25 20:04:04","15"
"90","354124","11.9","26","43.1032","374.901","0","115.638","2024-10-25 20:05:05","20"
"91","225629","28.2","48","63.6286","624.835","0","102.789","2024-10-25 21:00:00","63"
"92","225567","21.8","56","41.0507","124.967","2.8582","79.2332","2024-10-25 21:01:01","42"
"93","228544","25.3","37","45.1558","624.835","2.8582","66.3846","2024-10-25 21:02:02","52"
"94","353740","18.8","30","20.5253","499.868","5.7164","83.5161","2024-10-25 21:03:03","35"
"95","228627","8.8","16","6.1576","124.967","0","68.526","2024-10-25 21:04:04","15"
"96","354124","11.9","26","43.1032","374.901","0","115.638","2024-10-25 21:05:05","20"
"97","225629","28.2","48","69.7862","624.835","0","89.9404","2024-10-25 22:00:01","63"
"98","225567","21.8","56","41.0507","124.967","2.8582","79.2332","2024-10-25 22:01:02","42"
"99","228544","25.3","37","45.1558","624.835","2.8582","66.3846","2024-10-25 22:02:04","52"
"100","353740","18.8","30","20.5253","499.868","5.7164","83.5161","2024-10-25 22:03:05","35"
"101","228627","8.8","16","6.1576","124.967","0","68.526","2024-10-25 22:04:14","15"
"102","354124","11.9","26","43.1032","374.901","0","115.638","2024-10-25 22:05:21","20"
"103","225629","27.9","48","71.8387","749.802","0","74.9503","2024-10-25 23:00:05","62"
"104","225567","21.8","56","41.0507","124.967","2.8582","79.2332","2024-10-25 23:01:06","42"
"105","228544","25.3","37","45.1558","624.835","2.8582","66.3846","2024-10-25 23:02:07","52"
"106","353740","18.8","30","20.5253","499.868","5.7164","83.5161","2024-10-25 23:03:08","35"
"107","228627","8.8","16","6.1576","124.967","0","68.526","2024-10-25 23:04:09","15"
"108","354124","11.9","26","43.1032","374.901","0","115.638","2024-10-25 23:05:10","20"
"109","225629","27.9","48","82.1014","874.769","0","57.8188","2024-10-26 00:00:01","62"
"110","225567","22.3","56","20.5253","374.901","2.8582","49.2531","2024-10-26 00:01:02","43"
"111","228544","24.5","36","10.2627","749.802","2.8582","34.263","2024-10-26 00:02:03","49"
"112","353740","20.5","32","51.3134","749.802","5.7164","83.5161","2024-10-26 00:03:04","39"
"113","228627","8.6","15","16.4203","124.967","0","62.1017","2024-10-26 00:04:04","14"
"114","354124","11.7","25","26.6829","499.868","0","89.9404","2024-10-26 00:05:05","19"
"115","225629","27.6","48","75.9438","874.769","0","42.8288","2024-10-26 01:00:00","61"
"116","225567","22.3","56","20.5253","374.901","2.8582","49.2531","2024-10-26 01:01:01","43"
"117","228544","24.5","36","10.2627","749.802","2.8582","34.263","2024-10-26 01:02:02","49"
"118","353740","20.5","32","51.3134","749.802","5.7164","83.5161","2024-10-26 01:03:03","39"
"119","228627","8.6","15","16.4203","124.967","0","62.1017","2024-10-26 01:04:04","14"
"120","354124","11.7","25","26.6829","499.868","0","89.9404","2024-10-26 01:05:04","19"
"121","225629","27.3","47","82.1014","999.736","0","29.9801","2024-10-26 02:00:00","60"
"122","225567","22.3","56","20.5253","374.901","2.8582","49.2531","2024-10-26 02:01:01","43"
"123","228544","24.5","36","10.2627","749.802","2.8582","34.263","2024-10-26 02:02:02","49"
"124","353740","20.5","32","51.3134","749.802","5.7164","83.5161","2024-10-26 02:03:03","39"
"125","228627","8.6","15","16.4203","124.967","0","62.1017","2024-10-26 02:04:04","14"
"126","354124","11.7","25","26.6829","499.868","0","89.9404","2024-10-26 02:05:05","19"
"127","225567","22.3","56","20.5253","374.901","2.8582","49.2531","2024-10-26 02:15:12","43"
"128","228544","24.5","36","10.2627","749.802","2.8582","34.263","2024-10-26 02:16:12","49"
"129","353740","20.5","32","51.3134","749.802","5.7164","83.5161","2024-10-26 02:17:12","39"
"130","228627","8.6","15","16.4203","124.967","0","62.1017","2024-10-26 02:18:12","14"
"131","354124","11.7","25","26.6829","499.868","0","89.9404","2024-10-26 02:19:12","19"
"132","225629","27","47","67.7336","999.736","0","17.1315","2024-10-26 03:00:01","59"
"133","225567","22.3","56","20.5253","374.901","2.8582","49.2531","2024-10-26 03:01:01","43"
"134","228544","24.5","36","10.2627","749.802","2.8582","34.263","2024-10-26 03:02:02","49"
"135","353740","20.5","32","51.3134","749.802","5.7164","83.5161","2024-10-26 03:03:04","39"
"136","228627","8.6","15","16.4203","124.967","0","62.1017","2024-10-26 03:04:04","14"
"137","354124","11.7","25","26.6829","499.868","0","89.9404","2024-10-26 03:05:05","19"
"138","225567","22.3","56","20.5253","374.901","2.8582","49.2531","2024-10-26 03:15:12","43"
"139","228544","24.5","36","10.2627","749.802","2.8582","34.263","2024-10-26 03:16:12","49"
"140","353740","20.5","32","51.3134","749.802","5.7164","83.5161","2024-10-26 03:17:12","39"
"141","228627","8.6","15","16.4203","124.967","0","62.1017","2024-10-26 03:18:12","14"
"142","354124","11.7","25","26.6829","499.868","0","89.9404","2024-10-26 03:19:12","19"
"143","225629","27","47","67.7336","999.736","0","17.1315","2024-10-26 04:00:01","59"
"144","225567","22.3","56","20.5253","374.901","2.8582","49.2531","2024-10-26 04:01:01","43"
"145","228544","24.5","36","10.2627","749.802","2.8582","34.263","2024-10-26 04:02:02","49"
"146","353740","20.5","32","51.3134","749.802","5.7164","83.5161","2024-10-26 04:03:03","39"
"147","228627","8.6","15","16.4203","124.967","0","62.1017","2024-10-26 04:04:04","14"
"148","354124","11.7","25","26.6829","499.868","0","89.9404","2024-10-26 04:05:05","19"
"149","225629","25.5","45","20.5253","874.769","0","14.9901","2024-10-26 05:00:01","53"
"150","225567","22.3","56","20.5253","374.901","2.8582","49.2531","2024-10-26 05:01:02","43"
"151","228544","24.5","36","10.2627","749.802","2.8582","34.263","2024-10-26 05:02:02","49"
"152","353740","20.5","32","51.3134","749.802","5.7164","83.5161","2024-10-26 05:03:03","39"
"153","228627","8.6","15","16.4203","124.967","0","62.1017","2024-10-26 05:04:04","14"
"154","354124","11.7","25","26.6829","499.868","0","89.9404","2024-10-26 05:05:05","19"
"155","225629","24","43","14.3677","874.769","0","12.8486","2024-10-26 06:00:00","48"
"156","225567","19.8","51","12.3152","374.901","0","19.2729","2024-10-26 06:01:01","37"
"157","228544","23.4","35","4.1051","624.835","2.8582","25.6973","2024-10-26 06:02:02","46"
"158","353740","25.5","37","18.4728","624.835","2.8582","36.4045","2024-10-26 06:03:03","53"
"159","228627","8.2","15","14.3677","124.967","0","40.6873","2024-10-26 06:04:04","14"
"160","354124","12","26","10.2627","249.934","0","36.4045","2024-10-26 06:05:05","20"
"161","225629","22.1","41","16.4203","749.802","0","12.8486","2024-10-26 07:00:00","43"
"162","225567","19.6","50","12.3152","374.901","0","19.2729","2024-10-26 07:01:01","37"
"163","228544","23.4","35","6.1576","624.835","2.8582","27.8387","2024-10-26 07:02:02","46"
"164","353740","26.1","38","26.6829","499.868","2.8582","29.9801","2024-10-26 07:03:03","55"
"165","228627","8","15","12.3152","249.934","0","36.4045","2024-10-26 07:04:04","13"
"166","354124","11.9","26","12.3152","249.934","0","32.1216","2024-10-26 07:05:05","20"
"167","225629","20.4","39","20.5253","749.802","0","14.9901","2024-10-26 08:00:00","39"
"168","225567","19.3","49","24.6304","374.901","0","19.2729","2024-10-26 08:01:01","36"
"169","228544","23.4","35","10.2627","624.835","2.8582","29.9801","2024-10-26 08:02:02","46"
"170","353740","26.9","39","30.788","499.868","0","23.5558","2024-10-26 08:03:03","58"
"171","228627","7.7","14","12.3152","249.934","0","34.263","2024-10-26 08:04:04","13"
"172","354124","11.9","26","16.4203","249.934","0","29.9801","2024-10-26 08:05:04","20"
"173","225567","19.3","49","24.6304","374.901","0","19.2729","2024-10-26 08:15:11","36"
"174","228544","23.4","35","10.2627","624.835","2.8582","29.9801","2024-10-26 08:16:11","46"
"175","353740","26.9","39","30.788","499.868","0","23.5558","2024-10-26 08:17:11","58"
"176","228627","7.7","14","12.3152","249.934","0","34.263","2024-10-26 08:18:12","13"
"177","354124","11.9","26","16.4203","249.934","0","29.9801","2024-10-26 08:19:12","20"
"178","225629","18.7","36","20.5253","624.835","0","14.9901","2024-10-26 09:00:00","35"
"179","225567","19","48","20.5253","374.901","0","17.1315","2024-10-26 09:01:01","35"
"180","228544","23.5","35","8.2101","624.835","2.8582","32.1216","2024-10-26 09:02:02","46"
"181","353740","27.7","40","22.5779","499.868","2.8582","23.5558","2024-10-26 09:03:03","61"
"182","228627","7.9","15","8.2101","249.934","0","36.4045","2024-10-26 09:04:04","13"
"183","354124","11.9","26","18.4728","249.934","0","29.9801","2024-10-26 09:05:05","20"
"184","225629","17.1","34","18.4728","499.868","0","17.1315","2024-10-26 10:00:00","31"
"185","225567","18.8","48","28.7355","374.901","2.8582","14.9901","2024-10-26 10:01:01","35"
"186","228544","23.5","35","6.1576","499.868","2.8582","36.4045","2024-10-26 10:02:02","46"
"187","353740","28.5","40","24.6304","499.868","2.8582","27.8387","2024-10-26 10:03:03","64"
"188","228627","7.8","15","4.1051","249.934","0","38.5459","2024-10-26 10:04:04","13"
"189","354124","11.8","26","18.4728","249.934","0","29.9801","2024-10-26 10:05:04","20"
"190","225629","15.9","32","20.5253","499.868","0","21.4144","2024-10-26 11:00:00","28"
"191","225567","18.8","48","38.9981","374.901","2.8582","17.1315","2024-10-26 11:01:01","35"
"192","228544","23.3","35","4.1051","499.868","2.8582","40.6873","2024-10-26 11:02:02","46"
"193","353740","29.1","41","14.3677","499.868","2.8582","34.263","2024-10-26 11:03:03","67"
"194","228627","7.7","14","2.0525","249.934","0","42.8288","2024-10-26 11:04:04","13"
"195","354124","11.8","26","16.4203","249.934","0","32.1216","2024-10-26 11:05:05","20"
"196","225567","18.8","48","38.9981","374.901","2.8582","17.1315","2024-10-26 11:15:11","35"
"197","228544","23.3","35","4.1051","499.868","2.8582","40.6873","2024-10-26 11:16:11","46"
"198","353740","29.1","41","14.3677","499.868","2.8582","34.263","2024-10-26 11:17:11","67"
"199","228627","7.7","14","2.0525","249.934","0","42.8288","2024-10-26 11:18:11","13"
"200","354124","11.8","26","16.4203","249.934","0","32.1216","2024-10-26 11:19:12","20"
"201","225629","15.3","31","18.4728","499.868","0","27.8387","2024-10-26 12:00:01","26"
"202","225567","18.9","47","36.9456","374.901","2.8582","19.2729","2024-10-26 12:01:02","35"
"203","228544","23.1","35","8.2101","499.868","2.8582","49.2531","2024-10-26 12:02:02","45"
"204","353740","29.6","41","12.3152","374.901","2.8582","42.8288","2024-10-26 12:03:03","69"
"205","228627","7.6","14","4.1051","124.967","0","44.9702","2024-10-26 12:04:04","13"
"206","354124","11.8","26","18.4728","249.934","0","34.263","2024-10-26 12:05:05","20"
"207","225629","14.9","31","14.3677","499.868","0","36.4045","2024-10-26 13:00:00","25"
"208","225567","18.6","47","32.8405","374.901","2.8582","25.6973","2024-10-26 13:01:01","34"
"209","228544","23","34","4.1051","499.868","2.8582","57.8188","2024-10-26 13:02:02","45"
"210","353740","29.6","41","10.2627","374.901","2.8582","49.2531","2024-10-26 13:03:03","69"
"211","228627","7.5","14","6.1576","124.967","0","44.9702","2024-10-26 13:04:04","12"
"212","354124","11.9","26","10.2627","249.934","0","36.4045","2024-10-26 13:05:05","20"
"213","225567","18.6","47","32.8405","374.901","2.8582","25.6973","2024-10-26 13:15:12","34"
"214","228544","23","34","4.1051","499.868","2.8582","57.8188","2024-10-26 13:16:12","45"
"215","353740","29.6","41","10.2627","374.901","2.8582","49.2531","2024-10-26 13:17:12","69"
"216","228627","7.5","14","6.1576","124.967","0","44.9702","2024-10-26 13:18:12","12"
"217","354124","11.9","26","10.2627","249.934","0","36.4045","2024-10-26 13:19:12","20"
"218","225629","14.6","31","12.3152","499.868","0","47.1116","2024-10-26 14:00:00","24"
"219","225567","18.1","47","32.8405","374.901","2.8582","29.9801","2024-10-26 14:01:01","33"
"220","228544","22.8","33","4.1051","499.868","2.8582","66.3846","2024-10-26 14:02:02","45"
"221","353740","29.6","41","10.2627","374.901","2.8582","57.8188","2024-10-26 14:03:03","69"
"222","228627","7.5","14","4.1051","124.967","0","49.2531","2024-10-26 14:04:04","12"
"223","354124","11.8","26","2.0525","249.934","0","42.8288","2024-10-26 14:05:05","20"
"224","225629","14.4","30","12.3152","624.835","0","57.8188","2024-10-26 15:00:00","24"
"225","225567","17.6","46","34.8931","374.901","2.8582","34.263","2024-10-26 15:01:01","32"
"226","228544","22.6","33","4.1051","499.868","2.8582","72.8089","2024-10-26 15:02:02","44"
"227","353740","29.8","41","14.3677","374.901","2.8582","66.3846","2024-10-26 15:03:03","70"
"228","228627","7.4","14","2.0525","124.967","0","53.536","2024-10-26 15:04:04","12"
"229","354124","11.6","25","2.0525","249.934","0","53.536","2024-10-26 15:05:04","19"
"230","225629","14.4","30","12.3152","624.835","0","57.8188","2024-10-26 16:00:00","24"
"231","225567","17.3","46","22.5779","374.901","2.8582","36.4045","2024-10-26 16:01:01","31"
"232","228544","22.4","32","4.1051","499.868","2.8582","79.2332","2024-10-26 16:02:02","44"
"233","353740","30.2","41","14.3677","374.901","2.8582","77.0918","2024-10-26 16:03:03","71"
"234","228627","7.3","14","2.0525","124.967","0","57.8188","2024-10-26 16:04:04","12"
"235","354124","11.4","25","2.0525","249.934","0","68.526","2024-10-26 16:05:05","19"
"236","225629","14.4","30","16.4203","624.835","0","79.2332","2024-10-26 17:00:00","24"
"237","225567","17.3","46","22.5779","374.901","2.8582","36.4045","2024-10-26 17:01:01","31"
"238","228544","22.2","32","8.2101","499.868","2.8582","85.6575","2024-10-26 17:02:02","43"
"239","353740","30.2","41","14.3677","374.901","2.8582","77.0918","2024-10-26 17:03:03","71"
"240","228627","7.3","14","2.0525","124.967","0","57.8188","2024-10-26 17:04:03","12"
"241","354124","11.4","25","2.0525","249.934","0","68.526","2024-10-26 17:05:04","19"
"242","225629","14.4","30","16.4203","624.835","0","87.799","2024-10-26 18:00:00","24"
"243","225567","16.6","46","36.9456","374.901","2.8582","44.9702","2024-10-26 18:01:01","30"
"244","228544","22","31","14.3677","499.868","2.8582","87.799","2024-10-26 18:02:02","43"
"245","353740","30.6","41","18.4728","374.901","2.8582","83.5161","2024-10-26 18:03:03","73"
"246","228627","7.2","14","2.0525","124.967","2.8582","64.2432","2024-10-26 18:04:04","12"
"247","354124","10.8","23","2.0525","249.934","0","122.062","2024-10-26 18:05:04","18"
"248","225629","14.5","30","26.6829","624.835","0","94.2233","2024-10-26 19:00:00","24"
"249","225567","16.6","46","36.9456","374.901","2.8582","44.9702","2024-10-26 19:01:01","30"
"250","228544","22","31","14.3677","499.868","2.8582","87.799","2024-10-26 19:02:02","43"
"251","353740","30.6","41","18.4728","374.901","2.8582","83.5161","2024-10-26 19:03:03","73"
"252","228627","7.2","14","2.0525","124.967","2.8582","64.2432","2024-10-26 19:04:04","12"
"253","354124","10.8","23","2.0525","249.934","0","122.062","2024-10-26 19:05:04","18"
"254","225567","16.6","46","36.9456","374.901","2.8582","44.9702","2024-10-26 19:15:19","30"
"255","228544","22","31","14.3677","499.868","2.8582","87.799","2024-10-26 19:16:19","43"
"256","353740","30.6","41","18.4728","374.901","2.8582","83.5161","2024-10-26 19:17:19","73"
"257","228627","7.2","14","2.0525","124.967","2.8582","64.2432","2024-10-26 19:18:19","12"
"258","354124","10.8","23","2.0525","249.934","0","122.062","2024-10-26 19:19:19","18"
"259","225629","14.4","30","38.9981","624.835","0","94.2233","2024-10-26 20:00:00","24"
"260","225567","16.7","47","26.6829","374.901","2.8582","44.9702","2024-10-26 20:01:01","30"
"261","228544","21.9","31","36.9456","499.868","2.8582","77.0918","2024-10-26 20:02:02","42"
"262","353740","30.7","42","26.6829","374.901","2.8582","83.5161","2024-10-26 20:03:05","73"
"263","228627","7.2","14","20.5253","124.967","0","59.9603","2024-10-26 20:04:05","12"
"264","354124","10.6","23","30.788","249.934","0","154.184","2024-10-26 20:05:06","18"
"265","225629","14.3","30","55.4184","624.835","0","87.799","2024-10-26 21:00:01","24"
"266","225567","16.7","47","26.6829","374.901","2.8582","44.9702","2024-10-26 21:01:01","30"
"267","228544","21.9","31","36.9456","499.868","2.8582","77.0918","2024-10-26 21:02:02","42"
"268","353740","30.7","42","26.6829","374.901","2.8582","83.5161","2024-10-26 21:03:03","73"
"269","228627","7.2","14","20.5253","124.967","0","59.9603","2024-10-26 21:04:04","12"
"270","354124","10.6","23","30.788","249.934","0","154.184","2024-10-26 21:05:05","18"
"271","225629","13.9","30","63.6286","749.802","0","74.9503","2024-10-26 22:00:00","23"
"272","225567","15.8","46","36.9456","374.901","2.8582","34.263","2024-10-26 22:01:01","28"
"273","228544","22.7","33","24.6304","624.835","2.8582","55.6774","2024-10-26 22:02:02","44"
"274","353740","29.9","40","18.4728","374.901","2.8582","70.6675","2024-10-26 22:03:03","70"
"275","228627","7.2","14","20.5253","249.934","0","55.6774","2024-10-26 22:04:04","12"
"276","354124","10.3","22","24.6304","249.934","0","173.456","2024-10-26 22:05:05","17"
"277","225567","15.8","46","36.9456","374.901","2.8582","34.263","2024-10-26 22:15:11","28"
"278","228544","22.7","33","24.6304","624.835","2.8582","55.6774","2024-10-26 22:16:11","44"
"279","353740","29.9","40","18.4728","374.901","2.8582","70.6675","2024-10-26 22:17:11","70"
"280","228627","7.2","14","20.5253","249.934","0","55.6774","2024-10-26 22:18:12","12"
"281","354124","10.3","22","24.6304","249.934","0","173.456","2024-10-26 22:19:12","17"
"282","225629","13.7","30","67.7336","749.802","0","62.1017","2024-10-26 23:00:00","23"
"283","225567","16.1","47","26.6829","124.967","2.8582","32.1216","2024-10-26 23:01:01","28"
"284","228544","22.8","33","24.6304","624.835","2.8582","49.2531","2024-10-26 23:02:02","45"
"285","353740","29","39","16.4203","374.901","2.8582","62.1017","2024-10-26 23:03:03","66"
"286","228627","7.3","14","14.3677","249.934","0","51.3945","2024-10-26 23:04:04","12"
"287","354124","10","22","16.4203","249.934","0","171.315","2024-10-26 23:05:05","17"
"288","225629","13.4","29","71.8387","874.769","0","47.1116","2024-10-27 00:00:01","22"
"289","225567","16.1","47","26.6829","124.967","2.8582","32.1216","2024-10-27 00:01:02","28"
"290","228544","22.8","33","24.6304","624.835","2.8582","49.2531","2024-10-27 00:02:03","45"
"291","353740","29","39","16.4203","374.901","2.8582","62.1017","2024-10-27 00:03:03","66"
"292","228627","7.3","14","14.3677","249.934","0","51.3945","2024-10-27 00:04:04","12"
"293","354124","10","22","16.4203","249.934","0","171.315","2024-10-27 00:05:05","17"
"294","225629","13.3","29","67.7336","999.736","0","34.263","2024-10-27 01:00:00","22"
"295","225567","16.1","47","26.6829","124.967","2.8582","32.1216","2024-10-27 01:01:01","28"
"296","228544","22.8","33","24.6304","624.835","2.8582","49.2531","2024-10-27 01:02:02","45"
"297","353740","29","39","16.4203","374.901","2.8582","62.1017","2024-10-27 01:03:03","66"
"298","228627","7.3","14","14.3677","249.934","0","51.3945","2024-10-27 01:04:04","12"
"299","354124","10","22","16.4203","249.934","0","171.315","2024-10-27 01:05:04","17"
"300","225629","13.2","30","41.0507","874.769","0","21.4144","2024-10-27 02:00:00","22"
"301","225567","16.1","47","26.6829","124.967","2.8582","32.1216","2024-10-27 02:01:01","28"
"302","228544","22.8","33","24.6304","624.835","2.8582","49.2531","2024-10-27 02:02:02","45"
"303","353740","29","39","16.4203","374.901","2.8582","62.1017","2024-10-27 02:03:03","66"
"304","228627","7.3","14","14.3677","249.934","0","51.3945","2024-10-27 02:04:04","12"
"305","354124","10","22","16.4203","249.934","0","171.315","2024-10-27 02:05:05","17"
"306","225629","12.6","29","20.5253","874.769","2.8582","21.4144","2024-10-27 03:00:01","21"
"307","225567","16.1","47","26.6829","124.967","2.8582","32.1216","2024-10-27 03:01:11","28"
"308","228544","22.8","33","24.6304","624.835","2.8582","49.2531","2024-10-27 03:02:12","45"
"309","353740","29","39","16.4203","374.901","2.8582","62.1017","2024-10-27 03:03:13","66"
"310","228627","7.3","14","14.3677","249.934","0","51.3945","2024-10-27 03:04:14","12"
"311","354124","10","22","16.4203","249.934","0","171.315","2024-10-27 03:05:15","17"
"312","225629","12.6","29","20.5253","874.769","2.8582","21.4144","2024-10-27 04:00:00","21"
"313","225567","16.1","47","26.6829","124.967","2.8582","32.1216","2024-10-27 04:01:02","28"
"314","228544","22.8","33","24.6304","624.835","2.8582","49.2531","2024-10-27 04:02:03","45"
"315","353740","29","39","16.4203","374.901","2.8582","62.1017","2024-10-27 04:03:03","66"
"316","228627","7.3","14","14.3677","249.934","0","51.3945","2024-10-27 04:04:04","12"
"317","354124","10","22","16.4203","249.934","0","171.315","2024-10-27 04:05:05","17"
"318","225629","11.4","27","12.3152","749.802","2.8582","12.8486","2024-10-27 05:00:00","19"
"319","225567","16","47","14.3677","124.967","0","14.9901","2024-10-27 05:01:01","28"
"320","228544","21.6","32","4.1051","624.835","2.8582","25.6973","2024-10-27 05:02:02","42"
"321","353740","22.5","32","6.1576","249.934","2.8582","38.5459","2024-10-27 05:03:03","44"
"322","228627","6.9","14","6.1576","249.934","0","34.263","2024-10-27 05:04:03","12"
"323","354124","8.2","18","8.2101","249.934","0","107.072","2024-10-27 05:05:05","14"
"324","225629","11.1","27","12.3152","624.835","2.8582","12.8486","2024-10-27 06:00:00","19"
"325","225567","16.2","48","12.3152","124.967","0","14.9901","2024-10-27 06:01:02","29"
"326","228544","21.4","32","4.1051","499.868","2.8582","27.8387","2024-10-27 06:02:04","41"
"327","353740","21.4","31","4.1051","249.934","2.8582","38.5459","2024-10-27 06:03:05","41"
"328","228627","7.4","14","6.1576","249.934","0","34.263","2024-10-27 06:04:07","12"
"329","354124","8.1","18","8.2101","249.934","0","102.789","2024-10-27 06:05:12","14"
"330","225629","11","27","14.3677","499.868","2.8582","14.9901","2024-10-27 07:00:00","18"
"331","225567","16.4","48","16.4203","124.967","0","12.8486","2024-10-27 07:01:01","29"
"332","228544","21.3","32","6.1576","499.868","2.8582","27.8387","2024-10-27 07:02:02","41"
"333","353740","20.4","29","10.2627","249.934","2.8582","38.5459","2024-10-27 07:03:03","39"
"334","228627","7.4","14","6.1576","249.934","0","34.263","2024-10-27 07:04:04","12"
"335","354124","8","17","10.2627","124.967","0","98.5062","2024-10-27 07:05:05","13"
"336","225567","16.4","48","16.4203","124.967","0","12.8486","2024-10-27 07:15:11","29"
"337","228544","21.3","32","6.1576","499.868","2.8582","27.8387","2024-10-27 07:16:11","41"
"338","353740","20.4","29","10.2627","249.934","2.8582","38.5459","2024-10-27 07:17:12","39"
"339","228627","7.4","14","6.1576","249.934","0","34.263","2024-10-27 07:18:12","12"
"340","354124","8","17","10.2627","124.967","0","98.5062","2024-10-27 07:19:12","13"
"341","225629","10.9","27","18.4728","499.868","2.8582","14.9901","2024-10-27 08:00:00","18"
"342","225567","16.3","48","16.4203","124.967","0","10.7072","2024-10-27 08:01:01","29"
"343","228544","21.3","32","6.1576","499.868","2.8582","27.8387","2024-10-27 08:02:02","41"
"344","353740","19.3","28","30.788","249.934","2.8582","36.4045","2024-10-27 08:03:03","36"
"345","228627","7.5","14","4.1051","249.934","0","36.4045","2024-10-27 08:04:04","12"
"346","354124","8","17","10.2627","124.967","0","98.5062","2024-10-27 08:05:04","13"
"347","225629","10.8","27","20.5253","374.901","2.8582","17.1315","2024-10-27 09:00:00","18"
"348","225567","16.3","48","14.3677","124.967","0","8.5658","2024-10-27 09:01:01","29"
"349","228544","21","31","8.2101","499.868","2.8582","29.9801","2024-10-27 09:02:02","40"
"350","353740","18.1","27","22.5779","249.934","2.8582","36.4045","2024-10-27 09:03:03","33"
"351","228627","7.5","14","6.1576","249.934","0","38.5459","2024-10-27 09:04:03","12"
"352","354124","7.9","17","10.2627","124.967","0","96.3647","2024-10-27 09:05:04","13"
"353","225629","10.9","27","26.6829","374.901","2.8582","21.4144","2024-10-27 10:00:00","18"
"354","225567","16.2","47","12.3152","124.967","2.8582","8.5658","2024-10-27 10:01:01","29"
"355","228544","20.8","31","6.1576","499.868","2.8582","34.263","2024-10-27 10:02:02","40"
"356","353740","16.7","26","8.2101","374.901","2.8582","36.4045","2024-10-27 10:03:03","30"
"357","228627","7.4","14","6.1576","249.934","0","38.5459","2024-10-27 10:04:04","12"
"358","354124","7.9","17","14.3677","124.967","0","98.5062","2024-10-27 10:05:04","13"
"359","225629","11.1","27","30.788","374.901","2.8582","23.5558","2024-10-27 11:00:01","19"
"360","225567","15.7","46","22.5779","124.967","2.8582","12.8486","2024-10-27 11:01:01","27"
"361","228544","20.7","31","8.2101","499.868","2.8582","36.4045","2024-10-27 11:02:02","40"
"362","353740","15.3","24","6.1576","374.901","2.8582","36.4045","2024-10-27 11:03:03","26"
"363","228627","7.4","14","2.0525","124.967","0","40.6873","2024-10-27 11:04:04","12"
"364","354124","7.8","17","14.3677","249.934","0","102.789","2024-10-27 11:05:05","13"
"365","225567","15.7","46","22.5779","124.967","2.8582","12.8486","2024-10-27 11:15:11","27"
"366","228544","20.7","31","8.2101","499.868","2.8582","36.4045","2024-10-27 11:16:11","40"
"367","353740","15.3","24","6.1576","374.901","2.8582","36.4045","2024-10-27 11:17:11","26"
"368","228627","7.4","14","2.0525","124.967","0","40.6873","2024-10-27 11:18:11","12"
"369","354124","7.8","17","14.3677","249.934","0","102.789","2024-10-27 11:19:11","13"
"370","225629","11.2","27","20.5253","374.901","2.8582","29.9801","2024-10-27 12:00:00","19"
"371","225567","15.2","45","28.7355","124.967","2.8582","17.1315","2024-10-27 12:01:01","26"
"372","228544","20.6","31","6.1576","499.868","2.8582","38.5459","2024-10-27 12:02:02","39"
"373","353740","14.4","23","6.1576","374.901","2.8582","38.5459","2024-10-27 12:03:03","24"
"374","228627","7.3","14","2.0525","124.967","0","42.8288","2024-10-27 12:04:04","12"
"375","354124","7.8","17","16.4203","249.934","0","104.93","2024-10-27 12:05:05","13"
"376","225567","15.2","45","28.7355","124.967","2.8582","17.1315","2024-10-27 12:15:11","26"
"377","228544","20.6","31","6.1576","499.868","2.8582","38.5459","2024-10-27 12:16:11","39"
"378","353740","14.4","23","6.1576","374.901","2.8582","38.5459","2024-10-27 12:17:11","24"
"379","228627","7.3","14","2.0525","124.967","0","42.8288","2024-10-27 12:18:11","12"
"380","354124","7.8","17","16.4203","249.934","0","104.93","2024-10-27 12:19:11","13"
"381","225629","11.2","27","12.3152","374.901","2.8582","36.4045","2024-10-27 13:00:00","19"
"382","225567","14.9","45","30.788","124.967","2.8582","21.4144","2024-10-27 13:01:01","25"
"383","228544","20.5","31","4.1051","499.868","2.8582","42.8288","2024-10-27 13:02:02","39"
"384","353740","13.8","23","10.2627","374.901","2.8582","40.6873","2024-10-27 13:03:03","23"
"385","228627","7.5","15","4.1051","124.967","0","44.9702","2024-10-27 13:04:04","12"
"386","354124","7.7","17","18.4728","249.934","0","107.072","2024-10-27 13:05:04","13"
"387","225567","14.9","45","30.788","124.967","2.8582","21.4144","2024-10-27 13:15:11","25"
"388","228544","20.5","31","4.1051","499.868","2.8582","42.8288","2024-10-27 13:16:11","39"
"389","353740","13.8","23","10.2627","374.901","2.8582","40.6873","2024-10-27 13:17:11","23"
"390","228627","7.5","15","4.1051","124.967","0","44.9702","2024-10-27 13:18:11","12"
"391","354124","7.7","17","18.4728","249.934","0","107.072","2024-10-27 13:19:11","13"
"392","225629","11.2","27","10.2627","374.901","2.8582","47.1116","2024-10-27 14:00:00","19"
"393","225567","14.8","45","28.7355","124.967","2.8582","27.8387","2024-10-27 14:01:01","25"
"394","228544","20.6","31","6.1576","499.868","2.8582","44.9702","2024-10-27 14:02:02","39"
"395","353740","13.8","23","10.2627","374.901","2.8582","40.6873","2024-10-27 14:03:03","23"
"396","228627","7.6","15","4.1051","124.967","0","47.1116","2024-10-27 14:04:03","13"
"397","354124","7.7","17","18.4728","249.934","0","109.213","2024-10-27 14:05:04","13"
"398","225629","11.3","27","12.3152","374.901","2.8582","55.6774","2024-10-27 15:00:00","19"
"399","225567","15.2","45","20.5253","124.967","2.8582","34.263","2024-10-27 15:01:01","26"
"400","228544","20.7","32","6.1576","499.868","2.8582","49.2531","2024-10-27 15:02:02","40"
"401","353740","13.8","23","10.2627","374.901","2.8582","40.6873","2024-10-27 15:03:03","23"
"402","228627","7.6","14","4.1051","124.967","0","49.2531","2024-10-27 15:04:04","13"
"403","354124","7.8","17","18.4728","249.934","0","111.355","2024-10-27 15:05:04","13"
"404","225629","11.3","27","14.3677","374.901","2.8582","62.1017","2024-10-27 16:00:01","19"
"405","225567","15.2","45","32.8405","124.967","2.8582","44.9702","2024-10-27 16:01:01","26"
"406","228544","20.8","32","8.2101","499.868","2.8582","53.536","2024-10-27 16:02:02","40"
"407","353740","13.8","23","10.2627","374.901","2.8582","40.6873","2024-10-27 16:03:03","23"
"408","228627","7.6","14","4.1051","124.967","0","49.2531","2024-10-27 16:04:04","13"
"409","354124","7.8","17","22.5779","249.934","0","111.355","2024-10-27 16:05:05","13"
"410","225629","11","26","14.3677","374.901","2.8582","68.526","2024-10-27 17:00:01","18"
"411","225567","15.2","45","32.8405","124.967","2.8582","44.9702","2024-10-27 17:01:01","26"
"412","228544","20.8","32","8.2101","499.868","2.8582","53.536","2024-10-27 17:02:02","40"
"413","353740","12.5","21","16.4203","374.901","2.8582","55.6774","2024-10-27 17:03:03","21"
"414","228627","7.6","14","4.1051","124.967","0","49.2531","2024-10-27 17:04:04","13"
"415","354124","7.8","17","22.5779","249.934","0","111.355","2024-10-27 17:05:05","13"
"416","225629","10.9","26","28.7355","374.901","2.8582","74.9503","2024-10-27 18:00:00","18"
"417","225567","16.1","45","47.2083","124.967","2.8582","51.3945","2024-10-27 18:01:01","28"
"418","228544","21.4","33","12.3152","499.868","2.8582","51.3945","2024-10-27 18:02:02","41"
"419","353740","11.8","21","16.4203","374.901","2.8582","59.9603","2024-10-27 18:03:03","20"
"420","228627","7.7","15","4.1051","124.967","0","53.536","2024-10-27 18:04:04","13"
"421","354124","7.9","17","4.1051","249.934","0","115.638","2024-10-27 18:05:04","13"
"422","225629","10.7","27","26.6829","374.901","2.8582","72.8089","2024-10-27 19:00:01","18"
"423","225567","16.1","45","47.2083","124.967","2.8582","51.3945","2024-10-27 19:01:01","28"
"424","228544","21.4","33","12.3152","499.868","2.8582","51.3945","2024-10-27 19:02:02","41"
"425","353740","11.8","21","16.4203","374.901","2.8582","59.9603","2024-10-27 19:03:03","20"
"426","228627","7.7","15","4.1051","124.967","0","53.536","2024-10-27 19:04:04","13"
"427","354124","7.9","17","4.1051","249.934","0","115.638","2024-10-27 19:05:05","13"
"428","225629","10.6","26","38.9981","374.901","2.8582","68.526","2024-10-27 20:00:00","18"
"429","225567","16.4","45","28.7355","124.967","2.8582","55.6774","2024-10-27 20:01:01","29"
"430","228544","21.5","32","20.5253","499.868","2.8582","44.9702","2024-10-27 20:02:02","42"
"431","353740","11.3","20","20.5253","374.901","2.8582","59.9603","2024-10-27 20:03:03","19"
"432","228627","7.7","15","8.2101","124.967","0","51.3945","2024-10-27 20:04:04","13"
"433","354124","7.7","17","43.1032","374.901","0","134.911","2024-10-27 20:05:05","13"
"434","225629","10.4","26","38.9981","499.868","2.8582","57.8188","2024-10-27 21:00:01","17"
"435","225567","16.7","45","41.0507","124.967","2.8582","53.536","2024-10-27 21:01:01","30"
"436","228544","20.9","31","16.4203","499.868","2.8582","40.6873","2024-10-27 21:02:02","40"
"437","353740","11.3","20","20.5253","374.901","2.8582","55.6774","2024-10-27 21:03:03","19"
"438","228627","7.6","15","12.3152","124.967","0","49.2531","2024-10-27 21:04:04","13"
"439","354124","7.7","17","38.9981","374.901","0","145.618","2024-10-27 21:05:05","13"
"440","225629","10.5","25","20.5253","499.868","2.8582","49.2531","2024-10-27 22:00:00","17"
"441","225567","17.2","46","51.3134","124.967","2.8582","49.2531","2024-10-27 22:01:01","31"
"442","228544","20","29","14.3677","499.868","2.8582","36.4045","2024-10-27 22:02:02","38"
"443","353740","11.4","21","20.5253","374.901","2.8582","49.2531","2024-10-27 22:03:03","19"
"444","228627","7.8","15","8.2101","124.967","0","47.1116","2024-10-27 22:04:04","13"
"445","354124","7.8","17","34.8931","374.901","0","154.184","2024-10-27 22:05:05","13"
"446","225629","10.1","24","18.4728","499.868","2.8582","40.6873","2024-10-27 23:00:00","17"
"447","225567","17.6","47","43.1032","124.967","2.8582","42.8288","2024-10-27 23:01:01","32"
"448","228544","19","28","12.3152","499.868","2.8582","32.1216","2024-10-27 23:02:02","35"
"449","353740","11.6","21","28.7355","374.901","2.8582","42.8288","2024-10-27 23:03:03","19"
"450","228627","7.8","15","10.2627","124.967","0","44.9702","2024-10-27 23:04:04","13"
"451","354124","7.9","17","24.6304","499.868","0","162.749","2024-10-27 23:05:05","13"
"452","225629","9.5","23","16.4203","499.868","2.8582","32.1216","2024-10-28 00:00:01","16"
"453","225567","17.6","47","43.1032","124.967","2.8582","42.8288","2024-10-28 00:01:02","32"
"454","228544","19","28","12.3152","499.868","2.8582","32.1216","2024-10-28 00:02:03","35"
"455","353740","11.6","21","28.7355","374.901","2.8582","42.8288","2024-10-28 00:03:04","19"
"456","228627","7.8","15","10.2627","124.967","0","44.9702","2024-10-28 00:04:05","13"
"457","354124","7.9","17","24.6304","499.868","0","162.749","2024-10-28 00:05:06","13"
"458","225629","8.8","22","14.3677","499.868","2.8582","23.5558","2024-10-28 01:00:00","15"
"459","225567","17.6","47","43.1032","124.967","2.8582","42.8288","2024-10-28 01:01:01","32"
"460","228544","19","28","12.3152","499.868","2.8582","32.1216","2024-10-28 01:02:02","35"
"461","353740","11.6","21","28.7355","374.901","2.8582","42.8288","2024-10-28 01:03:03","19"
"462","228627","7.8","15","10.2627","124.967","0","44.9702","2024-10-28 01:04:04","13"
"463","354124","7.9","17","24.6304","499.868","0","162.749","2024-10-28 01:05:05","13"
"464","225629","8","20","16.4203","499.868","2.8582","23.5558","2024-10-28 02:00:00","13"
"465","225567","17.6","47","43.1032","124.967","2.8582","42.8288","2024-10-28 02:01:01","32"
"466","228544","19","28","12.3152","499.868","2.8582","32.1216","2024-10-28 02:02:02","35"
"467","353740","11.6","21","28.7355","374.901","2.8582","42.8288","2024-10-28 02:03:03","19"
"468","228627","7.8","15","10.2627","124.967","0","44.9702","2024-10-28 02:04:04","13"
"469","354124","7.9","17","24.6304","499.868","0","162.749","2024-10-28 02:05:04","13"
"470","225629","7.6","20","14.3677","499.868","2.8582","21.4144","2024-10-28 03:00:00","13"
"471","225567","17.6","47","43.1032","124.967","2.8582","42.8288","2024-10-28 03:01:01","32"
"472","228544","19","28","12.3152","499.868","2.8582","32.1216","2024-10-28 03:02:02","35"
"473","353740","11.6","21","28.7355","374.901","2.8582","42.8288","2024-10-28 03:03:03","19"
"474","228627","7.8","15","10.2627","124.967","0","44.9702","2024-10-28 03:04:04","13"
"475","354124","7.9","17","24.6304","499.868","0","162.749","2024-10-28 03:05:05","13"
"476","225629","7.6","20","14.3677","499.868","2.8582","21.4144","2024-10-28 04:00:01","13"
"477","225567","17.6","47","43.1032","124.967","2.8582","42.8288","2024-10-28 04:01:01","32"
"478","228544","19","28","12.3152","499.868","2.8582","32.1216","2024-10-28 04:02:02","35"
"479","353740","11.6","21","28.7355","374.901","2.8582","42.8288","2024-10-28 04:03:03","19"
"480","228627","7.8","15","10.2627","124.967","0","44.9702","2024-10-28 04:04:04","13"
"481","354124","7.9","17","24.6304","499.868","0","162.749","2024-10-28 04:05:05","13"
"482","225629","7.3","19","18.4728","374.901","2.8582","21.4144","2024-10-28 05:00:00","12"
"483","225567","17.6","47","43.1032","124.967","2.8582","42.8288","2024-10-28 05:01:01","32"
"484","228544","19","28","12.3152","499.868","2.8582","32.1216","2024-10-28 05:02:02","35"
"485","353740","11.6","21","28.7355","374.901","2.8582","42.8288","2024-10-28 05:03:03","19"
"486","228627","7.8","15","10.2627","124.967","0","44.9702","2024-10-28 05:04:04","13"
"487","354124","7.9","17","24.6304","499.868","0","162.749","2024-10-28 05:05:04","13"
"488","225629","7.4","20","20.5253","374.901","2.8582","21.4144","2024-10-28 06:00:01","12"
"489","225567","21","53","18.4728","124.967","0","12.8486","2024-10-28 06:01:03","40"
"490","228544","14.4","21","2.0525","374.901","2.8582","42.8288","2024-10-28 06:02:04","24"
"491","353740","11.8","21","4.1051","374.901","0","34.263","2024-10-28 06:03:05","20"
"492","228627","7.6","15","4.1051","249.934","0","32.1216","2024-10-28 06:04:15","13"
"493","354124","8.2","18","16.4203","249.934","0","98.5062","2024-10-28 06:05:16","14"
"494","225629","7.8","20","22.5779","374.901","2.8582","21.4144","2024-10-28 07:00:01","13"
"495","225567","21.4","54","18.4728","124.967","0","10.7072","2024-10-28 07:01:02","41"
"496","228544","13.8","21","4.1051","374.901","2.8582","47.1116","2024-10-28 07:02:03","23"
"497","353740","11.8","21","6.1576","249.934","0","38.5459","2024-10-28 07:03:04","20"
"498","228627","7.6","15","6.1576","249.934","0","29.9801","2024-10-28 07:04:04","13"
"499","354124","8.4","18","20.5253","249.934","0","87.799","2024-10-28 07:05:05","14"
"500","225629","8","20","28.7355","499.868","2.8582","21.4144","2024-10-28 08:00:00","13"
"501","225567","22","55","22.5779","124.967","0","10.7072","2024-10-28 08:01:01","43"
"502","228544","13.2","20","8.2101","374.901","2.8582","47.1116","2024-10-28 08:02:02","22"
"503","353740","11.8","21","16.4203","249.934","0","40.6873","2024-10-28 08:03:03","20"
"504","228627","7.5","15","8.2101","249.934","0","29.9801","2024-10-28 08:04:04","12"
"505","354124","8.6","19","20.5253","249.934","0","85.6575","2024-10-28 08:05:04","14"
"506","225629","8.1","21","28.7355","499.868","2.8582","21.4144","2024-10-28 09:00:01","14"
"507","225567","22.6","57","22.5779","124.967","0","10.7072","2024-10-28 09:01:06","44"
"508","228544","12.7","19","8.2101","374.901","2.8582","49.2531","2024-10-28 09:02:07","21"
"509","353740","11.8","21","20.5253","249.934","0","42.8288","2024-10-28 09:03:08","20"
"510","228627","7.6","15","14.3677","249.934","0","29.9801","2024-10-28 09:04:09","13"
"511","354124","8.7","19","28.7355","374.901","0","83.5161","2024-10-28 09:05:09","14"
"512","225629","8.3","21","24.6304","499.868","2.8582","23.5558","2024-10-28 10:00:01","14"
"513","225567","23.1","60","38.9981","124.967","0","8.5658","2024-10-28 10:01:02","45"
"514","228544","12.1","18","12.3152","374.901","2.8582","49.2531","2024-10-28 10:02:03","20"
"515","353740","11.7","20","16.4203","249.934","0","42.8288","2024-10-28 10:03:04","19"
"516","228627","7.6","15","10.2627","249.934","2.8582","32.1216","2024-10-28 10:04:04","13"
"517","354124","8.9","19","28.7355","374.901","0","83.5161","2024-10-28 10:05:05","15"
"518","225629","8.4","21","24.6304","499.868","0","25.6973","2024-10-28 11:00:00","14"
"519","225567","24.1","61","38.9981","124.967","0","12.8486","2024-10-28 11:01:01","48"
"520","228544","11.5","17","10.2627","374.901","2.8582","49.2531","2024-10-28 11:02:02","19"
"521","353740","11.7","20","22.5779","249.934","0","42.8288","2024-10-28 11:03:03","19"
"522","228627","7.5","14","4.1051","249.934","2.8582","34.263","2024-10-28 11:04:04","12"
"523","354124","9.1","20","24.6304","374.901","0","85.6575","2024-10-28 11:05:05","15"
"524","225629","8.3","21","22.5779","499.868","2.8582","32.1216","2024-10-28 12:00:00","14"
"525","225567","24.7","61","43.1032","124.967","0","17.1315","2024-10-28 12:01:01","49"
"526","228544","10.9","17","8.2101","499.868","2.8582","51.3945","2024-10-28 12:02:02","18"
"527","353740","11.7","20","14.3677","249.934","2.8582","44.9702","2024-10-28 12:03:04","19"
"528","228627","7.4","14","2.0525","249.934","2.8582","38.5459","2024-10-28 12:04:05","12"
"529","354124","9","20","22.5779","374.901","0","92.0819","2024-10-28 12:05:05","15"
"530","225629","8.2","21","24.6304","499.868","2.8582","40.6873","2024-10-28 13:00:05","14"
"531","225567","25.1","62","45.1558","124.967","2.8582","25.6973","2024-10-28 13:01:06","51"
"532","228544","10.3","16","8.2101","499.868","2.8582","51.3945","2024-10-28 13:02:07","17"
"533","353740","11.8","20","14.3677","374.901","2.8582","44.9702","2024-10-28 13:03:13","20"
"534","228627","7.3","14","4.1051","249.934","2.8582","40.6873","2024-10-28 13:04:14","12"
"535","354124","9.1","20","36.9456","499.868","0","98.5062","2024-10-28 13:05:15","15"
"536","225629","8.3","21","22.5779","499.868","2.8582","51.3945","2024-10-28 14:00:00","14"
"537","225567","25.5","62","38.9981","499.868","2.8582","36.4045","2024-10-28 14:01:01","53"
"538","228544","9.6","15","8.2101","499.868","2.8582","53.536","2024-10-28 14:02:02","16"
"539","353740","11.8","19","16.4203","374.901","2.8582","47.1116","2024-10-28 14:03:03","20"
"540","228627","7.2","14","6.1576","249.934","0","42.8288","2024-10-28 14:04:04","12"
"541","354124","9.4","20","28.7355","499.868","0","109.213","2024-10-28 14:05:04","16"
"542","225567","25.5","62","38.9981","499.868","2.8582","36.4045","2024-10-28 14:15:21","53"
"543","228544","9.6","15","8.2101","499.868","2.8582","53.536","2024-10-28 14:16:21","16"
"544","353740","11.8","19","16.4203","374.901","2.8582","47.1116","2024-10-28 14:17:26","20"
"545","228627","7.2","14","6.1576","249.934","0","42.8288","2024-10-28 14:18:26","12"
"546","354124","9.4","20","28.7355","499.868","0","109.213","2024-10-28 14:19:26","16"
"547","225629","8.3","21","24.6304","499.868","2.8582","62.1017","2024-10-28 15:00:01","14"
"548","225567","25.8","62","36.9456","499.868","2.8582","47.1116","2024-10-28 15:01:01","54"
"549","228544","9.3","14","10.2627","499.868","2.8582","55.6774","2024-10-28 15:02:07","16"
"550","353740","11.6","19","36.9456","374.901","2.8582","47.1116","2024-10-28 15:03:08","19"
"551","228627","7.2","14","6.1576","249.934","0","47.1116","2024-10-28 15:04:09","12"
"552","354124","9.6","21","18.4728","499.868","0","117.779","2024-10-28 15:05:10","16"
"553","225567","25.8","62","36.9456","499.868","2.8582","47.1116","2024-10-28 15:15:36","54"
"554","228544","9.3","14","10.2627","499.868","2.8582","55.6774","2024-10-28 15:16:37","16"
"555","353740","11.6","19","36.9456","374.901","2.8582","47.1116","2024-10-28 15:17:37","19"
"556","228627","7.2","14","6.1576","249.934","0","47.1116","2024-10-28 15:18:42","12"
"557","354124","9.6","21","18.4728","499.868","0","117.779","2024-10-28 15:19:42","16"
"558","225629","8.5","21","24.6304","499.868","2.8582","77.0918","2024-10-28 16:00:01","14"
"559","225567","25.9","62","43.1032","624.835","2.8582","59.9603","2024-10-28 16:01:01","54"
"560","228544","8.6","13","8.2101","499.868","2.8582","57.8188","2024-10-28 16:02:02","14"
"561","353740","11.3","18","34.8931","374.901","2.8582","49.2531","2024-10-28 16:03:08","19"
"562","228627","7.2","14","4.1051","249.934","0","51.3945","2024-10-28 16:04:09","12"
"563","354124","9.8","21","18.4728","499.868","0","126.345","2024-10-28 16:05:10","16"
"564","225567","25.9","62","43.1032","624.835","2.8582","59.9603","2024-10-28 16:15:29","54"
"565","228544","8.6","13","8.2101","499.868","2.8582","57.8188","2024-10-28 16:16:34","14"
"566","353740","11.3","18","34.8931","374.901","2.8582","49.2531","2024-10-28 16:17:34","19"
"567","228627","7.2","14","4.1051","249.934","0","51.3945","2024-10-28 16:18:34","12"
"568","354124","9.8","21","18.4728","499.868","0","126.345","2024-10-28 16:19:34","16"
"569","225629","8.6","21","26.6829","499.868","2.8582","83.5161","2024-10-28 17:00:00","14"
"570","225567","26","62","45.1558","624.835","2.8582","70.6675","2024-10-28 17:01:02","55"
"571","228544","8.3","13","10.2627","499.868","2.8582","59.9603","2024-10-28 17:02:02","14"
"572","353740","11","18","34.8931","374.901","2.8582","49.2531","2024-10-28 17:03:08","18"
"573","228627","7.2","14","4.1051","124.967","0","53.536","2024-10-28 17:04:09","12"
"574","354124","9.8","21","14.3677","374.901","0","134.911","2024-10-28 17:05:10","16"
"575","225629","8.9","21","36.9456","499.868","2.8582","96.3647","2024-10-28 18:00:00","15"
"576","225567","26","62","45.1558","624.835","2.8582","70.6675","2024-10-28 18:01:01","55"
"577","228544","8.3","13","10.2627","499.868","2.8582","59.9603","2024-10-28 18:02:02","14"
"578","353740","11","18","34.8931","374.901","2.8582","49.2531","2024-10-28 18:03:03","18"
"579","228627","7.2","14","4.1051","124.967","0","53.536","2024-10-28 18:04:04","12"
"580","354124","9.8","21","14.3677","374.901","0","134.911","2024-10-28 18:05:05","16"
"581","225629","9.3","21","47.2083","499.868","2.8582","100.648","2024-10-28 19:00:00","16"
"582","225567","26","63","36.9456","499.868","2.8582","74.9503","2024-10-28 19:01:01","55"
"583","228544","6.9","11","16.4203","499.868","2.8582","59.9603","2024-10-28 19:02:02","12"
"584","353740","10.5","18","61.576","499.868","2.8582","49.2531","2024-10-28 19:03:03","17"
"585","228627","7.1","14","6.1576","124.967","0","55.6774","2024-10-28 19:04:04","12"
"586","354124","10.1","22","36.9456","374.901","0","128.486","2024-10-28 19:05:05","17"
"587","225629","9.4","21","59.5235","499.868","2.8582","98.5062","2024-10-28 20:00:01","16"
"588","225567","26","63","36.9456","499.868","2.8582","74.9503","2024-10-28 20:01:01","55"
"589","228544","6.9","11","16.4203","499.868","2.8582","59.9603","2024-10-28 20:02:02","12"
"590","353740","10.5","18","61.576","499.868","2.8582","49.2531","2024-10-28 20:03:03","17"
"591","228627","7.1","14","6.1576","124.967","0","55.6774","2024-10-28 20:04:04","12"
"592","354124","10.1","22","36.9456","374.901","0","128.486","2024-10-28 20:05:05","17"
"593","225629","9.6","21","38.9981","499.868","2.8582","96.3647","2024-10-28 21:00:00","16"
"594","225567","25.8","63","26.6829","499.868","0","72.8089","2024-10-28 21:01:01","54"
"595","228544","6.1","11","10.2627","499.868","2.8582","57.8188","2024-10-28 21:02:02","10"
"596","353740","10.2","17","32.8405","499.868","0","38.5459","2024-10-28 21:03:03","17"
"597","228627","7.2","14","18.4728","124.967","0","51.3945","2024-10-28 21:04:04","12"
"598","354124","10.8","23","38.9981","499.868","0","109.213","2024-10-28 21:05:05","18"
"599","225629","9.7","21","41.0507","624.835","2.8582","87.799","2024-10-28 22:00:00","16"
"600","225567","25.8","63","26.6829","499.868","0","72.8089","2024-10-28 22:01:01","54"
"601","228544","6.1","11","10.2627","499.868","2.8582","57.8188","2024-10-28 22:02:02","10"
"602","353740","10.2","17","32.8405","499.868","0","38.5459","2024-10-28 22:03:03","17"
"603","228627","7.2","14","18.4728","124.967","0","51.3945","2024-10-28 22:04:04","12"
"604","354124","10.8","23","38.9981","499.868","0","109.213","2024-10-28 22:05:05","18"
"605","225567","25.8","63","26.6829","499.868","0","72.8089","2024-10-28 22:15:12","54"
"606","228544","6.1","11","10.2627","499.868","2.8582","57.8188","2024-10-28 22:16:12","10"
"607","353740","10.2","17","32.8405","499.868","0","38.5459","2024-10-28 22:17:12","17"
"608","228627","7.2","14","18.4728","124.967","0","51.3945","2024-10-28 22:18:12","12"
"609","354124","10.8","23","38.9981","499.868","0","109.213","2024-10-28 22:19:12","18"
"610","225629","10","22","51.3134","624.835","2.8582","74.9503","2024-10-28 23:00:01","17"
"611","225567","26.2","64","30.788","624.835","0","59.9603","2024-10-28 23:01:02","55"
"612","228544","5.6","10","10.2627","499.868","2.8582","51.3945","2024-10-28 23:02:02","9"
"613","353740","9.7","17","41.0507","624.835","0","23.5558","2024-10-28 23:03:03","16"
"614","228627","7.3","14","16.4203","124.967","0","44.9702","2024-10-28 23:04:04","12"
"615","354124","11.1","24","26.6829","624.835","0","72.8089","2024-10-28 23:05:05","19"
"616","225629","10.5","23","47.2083","624.835","2.8582","59.9603","2024-10-29 00:00:21","17"
"617","225567","26.5","64","30.788","499.868","0","51.3945","2024-10-29 00:01:26","57"
"618","228544","5.3","10","6.1576","499.868","2.8582","49.2531","2024-10-29 00:02:32","9"
"619","353740","9.3","17","26.6829","624.835","0","17.1315","2024-10-29 00:03:34","16"
"620","228627","7.3","14","12.3152","249.934","0","40.6873","2024-10-29 00:04:35","12"
"621","354124","11.2","24","24.6304","624.835","0","57.8188","2024-10-29 00:05:36","19"
"622","225629","10.9","23","53.3659","624.835","2.8582","53.536","2024-10-29 01:00:01","18"
"623","225567","26.4","64","30.788","499.868","0","42.8288","2024-10-29 01:01:01","56"
"624","228544","5.1","10","6.1576","499.868","2.8582","47.1116","2024-10-29 01:02:02","8"
"625","353740","8.8","17","20.5253","624.835","0","10.7072","2024-10-29 01:03:03","15"
"626","228627","7.2","14","14.3677","249.934","0","38.5459","2024-10-29 01:04:04","12"
"627","354124","11.3","25","18.4728","624.835","0","55.6774","2024-10-29 01:05:05","19"
"628","225629","11.2","24","34.8931","624.835","2.8582","44.9702","2024-10-29 02:00:01","19"
"629","225567","26.4","64","24.6304","499.868","0","36.4045","2024-10-29 02:01:03","56"
"630","228544","4.9","10","8.2101","499.868","2.8582","44.9702","2024-10-29 02:02:04","8"
"631","353740","8.4","17","18.4728","624.835","0","10.7072","2024-10-29 02:03:05","14"
"632","228627","7.1","14","8.2101","249.934","0","36.4045","2024-10-29 02:04:06","12"
"633","354124","11.4","25","14.3677","624.835","0","51.3945","2024-10-29 02:05:06","19"
"634","225567","26.4","64","24.6304","499.868","0","36.4045","2024-10-29 02:15:14","56"
"635","228544","4.9","10","8.2101","499.868","2.8582","44.9702","2024-10-29 02:16:15","8"
"636","353740","8.4","17","18.4728","624.835","0","10.7072","2024-10-29 02:17:15","14"
"637","228627","7.1","14","8.2101","249.934","0","36.4045","2024-10-29 02:18:15","12"
"638","354124","11.4","25","14.3677","624.835","0","51.3945","2024-10-29 02:19:15","19"
"639","225629","11.4","24","24.6304","624.835","0","40.6873","2024-10-29 03:00:01","19"
"640","225567","26.4","64","24.6304","499.868","0","36.4045","2024-10-29 03:01:02","56"
"641","228544","4.9","10","8.2101","499.868","2.8582","44.9702","2024-10-29 03:02:03","8"
"642","353740","8.4","17","18.4728","624.835","0","10.7072","2024-10-29 03:03:04","14"
"643","228627","7.1","14","8.2101","249.934","0","36.4045","2024-10-29 03:04:05","12"
"644","354124","11.4","25","14.3677","624.835","0","51.3945","2024-10-29 03:05:06","19"
"645","225629","11.4","24","24.6304","624.835","0","40.6873","2024-10-29 04:00:01","19"
"646","225567","26.4","64","24.6304","499.868","0","36.4045","2024-10-29 04:01:02","56"
"647","228544","4.9","10","8.2101","499.868","2.8582","44.9702","2024-10-29 04:02:02","8"
"648","353740","8.4","17","18.4728","624.835","0","10.7072","2024-10-29 04:03:03","14"
"649","228627","7.1","14","8.2101","249.934","0","36.4045","2024-10-29 04:04:04","12"
"650","354124","11.4","25","14.3677","624.835","0","51.3945","2024-10-29 04:05:05","19"
"651","225629","11.7","25","18.4728","499.868","2.8582","38.5459","2024-10-29 05:00:00","19"
"652","225567","26.4","64","24.6304","499.868","0","36.4045","2024-10-29 05:01:01","56"
"653","228544","4.9","10","8.2101","499.868","2.8582","44.9702","2024-10-29 05:02:02","8"
"654","353740","8.4","17","18.4728","624.835","0","10.7072","2024-10-29 05:03:03","14"
"655","228627","7.1","14","8.2101","249.934","0","36.4045","2024-10-29 05:04:04","12"
"656","354124","11.4","25","14.3677","624.835","0","51.3945","2024-10-29 05:05:05","19"
"657","225629","11.6","25","24.6304","499.868","2.8582","36.4045","2024-10-29 06:00:01","19"
"658","225567","26.3","63","16.4203","499.868","0","25.6973","2024-10-29 06:01:02","56"
"659","228544","4.7","10","4.1051","499.868","2.8582","40.6873","2024-10-29 06:02:02","8"
"660","353740","8.3","19","8.2101","499.868","0","6.4243","2024-10-29 06:03:03","14"
"661","228627","7.6","14","8.2101","249.934","0","27.8387","2024-10-29 06:04:04","13"
"662","354124","12.2","26","14.3677","374.901","0","42.8288","2024-10-29 06:05:05","20"
"663","225629","11.3","25","38.9981","624.835","0","34.263","2024-10-29 07:00:00","19"
"664","225567","26.1","62","22.5779","499.868","0","25.6973","2024-10-29 07:01:02","55"
"665","228544","4.8","10","8.2101","499.868","2.8582","38.5459","2024-10-29 07:02:02","8"
"666","353740","8.3","19","8.2101","374.901","0","6.4243","2024-10-29 07:03:03","14"
"667","228627","7.6","15","10.2627","374.901","0","27.8387","2024-10-29 07:04:04","13"
"668","354124","12.5","27","24.6304","374.901","0","42.8288","2024-10-29 07:05:05","21"
"669","225567","26.1","62","22.5779","499.868","0","25.6973","2024-10-29 07:15:13","55"
"670","228544","4.8","10","8.2101","499.868","2.8582","38.5459","2024-10-29 07:16:13","8"
"671","353740","8.3","19","8.2101","374.901","0","6.4243","2024-10-29 07:17:14","14"
"672","228627","7.6","15","10.2627","374.901","0","27.8387","2024-10-29 07:18:14","13"
"673","354124","12.5","27","24.6304","374.901","0","42.8288","2024-10-29 07:19:14","21"
"674","225629","11.3","25","49.2608","624.835","0","32.1216","2024-10-29 08:00:00","19"
"675","225567","25.8","62","24.6304","499.868","2.8582","25.6973","2024-10-29 08:01:01","54"
"676","228544","4.8","10","12.3152","499.868","2.8582","36.4045","2024-10-29 08:02:02","8"
"677","353740","8.3","21","20.5253","374.901","0","6.4243","2024-10-29 08:03:03","14"
"678","228627","7.7","15","10.2627","374.901","2.8582","27.8387","2024-10-29 08:04:04","13"
"679","354124","12.7","28","20.5253","374.901","0","42.8288","2024-10-29 08:05:05","21"
"680","225567","25.8","62","24.6304","499.868","2.8582","25.6973","2024-10-29 08:15:12","54"
"681","228544","4.8","10","12.3152","499.868","2.8582","36.4045","2024-10-29 08:16:12","8"
"682","353740","8.3","21","20.5253","374.901","0","6.4243","2024-10-29 08:17:12","14"
"683","228627","7.7","15","10.2627","374.901","2.8582","27.8387","2024-10-29 08:18:17","13"
"684","354124","12.7","28","20.5253","374.901","0","42.8288","2024-10-29 08:19:17","21"
"685","225629","11.3","26","43.1032","624.835","2.8582","34.263","2024-10-29 09:00:00","19"
"686","225567","25.6","61","36.9456","499.868","2.8582","23.5558","2024-10-29 09:01:06","53"
"687","228544","5.1","10","14.3677","499.868","2.8582","36.4045","2024-10-29 09:02:07","8"
"688","353740","8.5","21","20.5253","374.901","0","8.5658","2024-10-29 09:03:08","14"
"689","228627","7.9","15","16.4203","374.901","2.8582","27.8387","2024-10-29 09:04:14","13"
"690","354124","12.8","28","16.4203","374.901","0","42.8288","2024-10-29 09:05:15","21"
"691","225629","11.4","26","26.6829","624.835","2.8582","34.263","2024-10-29 10:00:05","19"
"692","225567","25.9","61","36.9456","499.868","2.8582","23.5558","2024-10-29 10:01:12","54"
"693","228544","5.3","11","10.2627","499.868","2.8582","36.4045","2024-10-29 10:02:12","9"
"694","353740","8.9","22","16.4203","374.901","0","10.7072","2024-10-29 10:03:18","15"
"695","228627","8.1","15","12.3152","374.901","2.8582","29.9801","2024-10-29 10:04:19","14"
"696","354124","12.8","28","16.4203","374.901","0","42.8288","2024-10-29 10:05:20","21"
"697","225629","11.4","26","28.7355","624.835","2.8582","36.4045","2024-10-29 11:00:00","19"
"698","225567","25.8","61","36.9456","499.868","2.8582","25.6973","2024-10-29 11:01:01","54"
"699","228544","5.5","11","8.2101","499.868","2.8582","38.5459","2024-10-29 11:02:12","9"
"700","353740","9.2","23","18.4728","374.901","0","17.1315","2024-10-29 11:03:18","15"
"701","228627","8.3","16","4.1051","374.901","2.8582","34.263","2024-10-29 11:04:19","14"
"702","354124","12.7","28","18.4728","374.901","0","44.9702","2024-10-29 11:05:35","21"
"703","225629","11.5","26","24.6304","624.835","2.8582","42.8288","2024-10-29 12:00:01","19"
"704","225567","25.4","60","34.8931","499.868","2.8582","29.9801","2024-10-29 12:01:07","52"
"705","228544","5.6","11","8.2101","499.868","2.8582","42.8288","2024-10-29 12:02:08","9"
"706","353740","9.4","23","14.3677","374.901","2.8582","23.5558","2024-10-29 12:03:09","16"
"707","228627","8.6","16","2.0525","374.901","2.8582","38.5459","2024-10-29 12:04:09","14"
"708","354124","12.6","27","18.4728","374.901","0","49.2531","2024-10-29 12:05:10","21"
"709","225629","11.6","27","22.5779","624.835","2.8582","55.6774","2024-10-29 13:00:01","19"
"710","225567","25.3","60","34.8931","499.868","2.8582","34.263","2024-10-29 13:01:02","52"
"711","228544","5.7","11","8.2101","499.868","2.8582","44.9702","2024-10-29 13:02:08","9"
"712","353740","9.4","23","16.4203","374.901","2.8582","32.1216","2024-10-29 13:03:09","16"
"713","228627","8.8","16","6.1576","374.901","2.8582","44.9702","2024-10-29 13:04:10","15"
"714","354124","12.3","27","4.1051","374.901","0","57.8188","2024-10-29 13:05:21","21"
"715","225629","11.7","27","20.5253","624.835","2.8582","70.6675","2024-10-29 14:00:01","19"
"716","225567","25.1","60","32.8405","499.868","2.8582","38.5459","2024-10-29 14:01:17","51"
"717","228544","5.8","11","6.1576","499.868","2.8582","49.2531","2024-10-29 14:02:18","10"
"718","353740","9.3","23","14.3677","374.901","2.8582","38.5459","2024-10-29 14:03:19","16"
"719","228627","9","17","6.1576","374.901","0","47.1116","2024-10-29 14:04:19","15"
"720","354124","11.9","26","2.0525","374.901","0","74.9503","2024-10-29 14:05:20","20"
"721","225629","11.9","27","20.5253","624.835","2.8582","85.6575","2024-10-29 15:00:00","20"
"722","225567","24.6","60","30.788","499.868","2.8582","44.9702","2024-10-29 15:01:06","49"
"723","228544","5.8","11","6.1576","499.868","2.8582","53.536","2024-10-29 15:02:12","10"
"724","353740","9.3","23","16.4203","374.901","2.8582","47.1116","2024-10-29 15:03:13","16"
"725","228627","9.1","17","10.2627","374.901","0","53.536","2024-10-29 15:04:14","15"
"726","354124","11.6","25","2.0525","374.901","0","87.799","2024-10-29 15:05:15","19"
"1024","225629","12.2","28","36.9456","624.835","2.8582","130.628","2024-10-29 17:15:30","20"
"1025","225567","24.5","59","28.7355","499.868","2.8582","53.536","2024-10-29 17:16:31","49"
"1026","228544","5.7","11","8.2101","499.868","2.8582","57.8188","2024-10-29 17:17:32","9"
"1027","353740","9.4","23","16.4203","374.901","2.8582","53.536","2024-10-29 17:18:33","16"
"1028","228627","9.3","17","6.1576","374.901","0","55.6774","2024-10-29 17:19:34","16"
"1029","354124","11.3","25","2.0525","374.901","0","96.3647","2024-10-29 17:20:35","19"
"1030","225629","12.2","28","36.9456","624.835","2.8582","130.628","2024-10-29 18:00:00","20"
"1031","225567","23.9","58","22.5779","499.868","2.8582","72.8089","2024-10-29 18:01:01","47"
"1032","228544","5.7","11","16.4203","499.868","2.8582","62.1017","2024-10-29 18:02:02","9"
"1033","353740","9.5","23","51.3134","374.901","2.8582","59.9603","2024-10-29 18:03:03","16"
"1034","228627","9.6","18","10.2627","249.934","0","62.1017","2024-10-29 18:04:04","16"
"1035","354124","11","24","8.2101","249.934","0","109.213","2024-10-29 18:05:05","18"
"1036","225629","12","29","34.8931","624.835","2.8582","143.476","2024-10-29 19:00:00","20"
"1037","225567","23.9","58","22.5779","499.868","2.8582","72.8089","2024-10-29 19:01:01","47"
"1038","228544","5.7","11","16.4203","499.868","2.8582","62.1017","2024-10-29 19:02:02","9"
"1039","353740","9.5","23","51.3134","374.901","2.8582","59.9603","2024-10-29 19:03:03","16"
"1040","228627","9.6","18","10.2627","249.934","0","62.1017","2024-10-29 19:04:04","16"
"1041","354124","11","24","8.2101","249.934","0","109.213","2024-10-29 19:05:05","18"
"1042","225629","12.4","29","55.4184","624.835","2.8582","143.476","2024-10-29 20:00:00","21"
"1043","225567","23.9","58","22.5779","499.868","2.8582","72.8089","2024-10-29 20:01:01","47"
"1044","228544","5.7","11","16.4203","499.868","2.8582","62.1017","2024-10-29 20:02:02","9"
"1045","353740","9.5","23","51.3134","374.901","2.8582","59.9603","2024-10-29 20:03:03","16"
"1046","228627","9.6","18","10.2627","249.934","0","62.1017","2024-10-29 20:04:04","16"
"1047","354124","11","24","8.2101","249.934","0","109.213","2024-10-29 20:05:05","18"
"1048","225629","12.9","29","55.4184","749.802","2.8582","137.052","2024-10-29 21:00:00","21"
"1049","225567","23.5","56","28.7355","499.868","2.8582","70.6675","2024-10-29 21:01:01","46"
"1050","228544","5.9","11","6.1576","499.868","2.8582","57.8188","2024-10-29 21:02:02","10"
"1051","353740","10.1","24","65.6811","749.802","2.8582","38.5459","2024-10-29 21:03:03","17"
"1052","228627","9.7","18","22.5779","249.934","0","51.3945","2024-10-29 21:04:04","16"
"1053","354124","9.6","21","47.2083","374.901","0","98.5062","2024-10-29 21:05:05","16"
"1054","225629","13.2","30","51.3134","749.802","2.8582","122.062","2024-10-29 22:00:00","22"
"1055","225567","23.5","56","28.7355","499.868","2.8582","70.6675","2024-10-29 22:01:01","46"
"1056","228544","5.9","11","6.1576","499.868","2.8582","57.8188","2024-10-29 22:02:02","10"
"1057","353740","10.1","24","65.6811","749.802","2.8582","38.5459","2024-10-29 22:03:03","17"
"1058","228627","9.7","18","22.5779","249.934","0","51.3945","2024-10-29 22:04:04","16"
"1059","354124","9.6","21","47.2083","374.901","0","98.5062","2024-10-29 22:05:05","16"
"1060","225629","13.7","30","49.2608","749.802","2.8582","111.355","2024-10-29 23:00:00","23"
"1061","225567","23.5","56","28.7355","499.868","2.8582","70.6675","2024-10-29 23:01:01","46"
"1062","228544","5.9","11","6.1576","499.868","2.8582","57.8188","2024-10-29 23:02:02","10"
"1063","353740","10.1","24","65.6811","749.802","2.8582","38.5459","2024-10-29 23:03:03","17"
"1064","228627","9.7","18","22.5779","249.934","0","51.3945","2024-10-29 23:04:04","16"
"1065","354124","9.6","21","47.2083","374.901","0","98.5062","2024-10-29 23:05:05","16"
"1066","225629","13.8","30","30.788","749.802","2.8582","107.072","2024-10-30 00:00:01","23"
"1067","225567","23.5","56","28.7355","499.868","2.8582","70.6675","2024-10-30 00:01:02","46"
"1068","228544","5.9","11","6.1576","499.868","2.8582","57.8188","2024-10-30 00:02:03","10"
"1069","353740","10.1","24","65.6811","749.802","2.8582","38.5459","2024-10-30 00:03:03","17"
"1070","228627","9.7","18","22.5779","249.934","0","51.3945","2024-10-30 00:04:04","16"
"1071","354124","9.6","21","47.2083","374.901","0","98.5062","2024-10-30 00:05:05","16"
"1072","225629","13.7","30","18.4728","749.802","2.8582","98.5062","2024-10-30 01:00:00","23"
"1073","225567","21.5","52","14.3677","499.868","2.8582","68.526","2024-10-30 01:01:01","42"
"1074","228544","5.7","11","4.1051","499.868","2.8582","55.6774","2024-10-30 01:02:02","9"
"1075","353740","11.7","26","24.6304","874.769","0","10.7072","2024-10-30 01:03:03","19"
"1076","228627","10.3","19","18.4728","374.901","0","38.5459","2024-10-30 01:04:04","17"
"1077","354124","8.6","19","28.7355","499.868","0","59.9603","2024-10-30 01:05:05","14"
"1078","225629","13.5","29","16.4203","749.802","2.8582","87.799","2024-10-30 02:00:01","22"
"1079","225567","21.5","52","14.3677","499.868","2.8582","68.526","2024-10-30 02:01:01","42"
"1080","228544","5.7","11","4.1051","499.868","2.8582","55.6774","2024-10-30 02:02:02","9"
"1081","353740","11.7","26","24.6304","874.769","0","10.7072","2024-10-30 02:03:03","19"
"1082","228627","10.3","19","18.4728","374.901","0","38.5459","2024-10-30 02:04:04","17"
"1083","354124","8.6","19","28.7355","499.868","0","59.9603","2024-10-30 02:05:05","14"
"1084","225629","13.2","29","20.5253","624.835","2.8582","79.2332","2024-10-30 03:00:00","22"
"1085","225567","21.5","52","14.3677","499.868","2.8582","68.526","2024-10-30 03:01:01","42"
"1086","228544","5.7","11","4.1051","499.868","2.8582","55.6774","2024-10-30 03:02:02","9"
"1087","353740","11.7","26","24.6304","874.769","0","10.7072","2024-10-30 03:03:03","19"
"1088","228627","10.3","19","18.4728","374.901","0","38.5459","2024-10-30 03:04:04","17"
"1089","354124","8.6","19","28.7355","499.868","0","59.9603","2024-10-30 03:05:05","14"
"1090","225629","13.2","29","20.5253","624.835","2.8582","79.2332","2024-10-30 04:00:00","22"
"1091","225567","21.5","52","14.3677","499.868","2.8582","68.526","2024-10-30 04:01:01","42"
"1092","228544","5.7","11","4.1051","499.868","2.8582","55.6774","2024-10-30 04:02:02","9"
"1093","353740","11.7","26","24.6304","874.769","0","10.7072","2024-10-30 04:03:03","19"
"1094","228627","10.3","19","18.4728","374.901","0","38.5459","2024-10-30 04:04:04","17"
"1095","354124","8.6","19","28.7355","499.868","0","59.9603","2024-10-30 04:05:04","14"
"1096","225567","21.5","52","14.3677","499.868","2.8582","68.526","2024-10-30 04:15:11","42"
"1097","228544","5.7","11","4.1051","499.868","2.8582","55.6774","2024-10-30 04:16:11","9"
"1098","353740","11.7","26","24.6304","874.769","0","10.7072","2024-10-30 04:17:11","19"
"1099","228627","10.3","19","18.4728","374.901","0","38.5459","2024-10-30 04:18:11","17"
"1100","354124","8.6","19","28.7355","499.868","0","59.9603","2024-10-30 04:19:11","14"
"1101","225629","12.9","28","28.7355","499.868","2.8582","72.8089","2024-10-30 05:00:00","21"
"1102","225567","21.5","52","14.3677","499.868","2.8582","68.526","2024-10-30 05:01:01","42"
"1103","228544","5.7","11","4.1051","499.868","2.8582","55.6774","2024-10-30 05:02:02","9"
"1104","353740","11.7","26","24.6304","874.769","0","10.7072","2024-10-30 05:03:03","19"
"1105","228627","10.3","19","18.4728","374.901","0","38.5459","2024-10-30 05:04:04","17"
"1106","354124","8.6","19","28.7355","499.868","0","59.9603","2024-10-30 05:05:05","14"
"1107","225629","12.8","28","34.8931","499.868","2.8582","68.526","2024-10-30 06:00:01","21"
"1108","225567","21.5","52","14.3677","499.868","2.8582","68.526","2024-10-30 06:01:06","42"
"1109","353740","11.7","26","24.6304","874.769","0","10.7072","2024-10-30 06:03:27","19"
"1110","228627","10.3","19","18.4728","374.901","0","38.5459","2024-10-30 06:04:28","17"
"1111","225629","12.7","27","53.3659","499.868","2.8582","64.2432","2024-10-30 07:00:00","21"
"1112","225567","20.7","50","18.4728","499.868","0","44.9702","2024-10-30 07:01:01","40"
"1113","228544","6.1","10","10.2627","499.868","2.8582","32.1216","2024-10-30 07:02:02","10"
"1114","353740","13.5","27","12.3152","374.901","0","21.4144","2024-10-30 07:03:03","22"
"1115","228627","11.4","21","8.2101","624.835","0","25.6973","2024-10-30 07:04:04","19"
"1116","354124","7.9","17","14.3677","374.901","0","34.263","2024-10-30 07:05:05","13"
"1117","225629","12.8","27","63.6286","499.868","2.8582","55.6774","2024-10-30 08:00:01","21"
"1118","225567","20.8","50","26.6829","499.868","0","38.5459","2024-10-30 08:01:01","40"
"1119","228544","6.2","11","14.3677","624.835","2.8582","25.6973","2024-10-30 08:02:02","10"
"1120","353740","13.6","27","16.4203","374.901","0","21.4144","2024-10-30 08:03:03","23"
"1121","228627","11.7","21","8.2101","624.835","0","25.6973","2024-10-30 08:04:04","19"
"1122","354124","7.7","17","18.4728","374.901","0","32.1216","2024-10-30 08:05:04","13"
"1123","225629","12.7","26","67.7336","499.868","2.8582","47.1116","2024-10-30 09:00:02","21"
"1124","225567","20.7","50","24.6304","499.868","2.8582","36.4045","2024-10-30 09:01:02","40"
"1125","228544","6.4","11","8.2101","624.835","2.8582","23.5558","2024-10-30 09:02:03","11"
"1126","353740","13.5","27","18.4728","374.901","0","17.1315","2024-10-30 09:03:04","22"
"1127","228627","11.7","21","10.2627","624.835","0","25.6973","2024-10-30 09:04:05","19"
"1128","354124","7.6","17","26.6829","374.901","0","32.1216","2024-10-30 09:05:06","13"
"1129","225629","12.7","26","65.6811","624.835","2.8582","38.5459","2024-10-30 10:00:01","21"
"1130","225567","20.4","49","41.0507","499.868","2.8582","29.9801","2024-10-30 10:01:02","39"
"1131","228544","6.4","11","10.2627","624.835","2.8582","27.8387","2024-10-30 10:02:02","11"
"1132","353740","13.6","27","16.4203","374.901","0","17.1315","2024-10-30 10:03:03","23"
"1133","228627","11.8","22","6.1576","624.835","0","27.8387","2024-10-30 10:04:04","20"
"1134","354124","7.7","17","18.4728","374.901","0","32.1216","2024-10-30 10:05:05","13"
"1135","225629","12.8","26","63.6286","624.835","2.8582","34.263","2024-10-30 11:00:00","21"
"1136","225567","20.4","49","41.0507","499.868","2.8582","29.9801","2024-10-30 11:01:01","39"
"1137","228544","6.5","11","6.1576","624.835","2.8582","32.1216","2024-10-30 11:02:02","11"
"1138","353740","13.4","27","14.3677","374.901","0","19.2729","2024-10-30 11:03:03","22"
"1139","228627","11.9","22","4.1051","499.868","2.8582","32.1216","2024-10-30 11:04:04","20"
"1140","354124","7.7","17","6.1576","374.901","0","34.263","2024-10-30 11:05:05","13"
"1141","225629","12.9","26","43.1032","624.835","2.8582","38.5459","2024-10-30 12:00:01","21"
"1142","225567","20.6","49","32.8405","499.868","2.8582","27.8387","2024-10-30 12:01:02","39"
"1143","228544","6.6","11","6.1576","499.868","2.8582","38.5459","2024-10-30 12:02:02","11"
"1144","353740","13.2","27","18.4728","374.901","0","23.5558","2024-10-30 12:03:08","22"
"1145","228627","12.3","22","4.1051","499.868","2.8582","36.4045","2024-10-30 12:04:09","21"
"1146","354124","7.8","17","4.1051","374.901","0","40.6873","2024-10-30 12:05:10","13"
"1147","225629","13.1","27","41.0507","624.835","2.8582","49.2531","2024-10-30 13:00:01","22"
"1148","225567","20.6","49","30.788","499.868","2.8582","32.1216","2024-10-30 13:01:01","39"
"1149","228544","6.6","11","6.1576","499.868","2.8582","44.9702","2024-10-30 13:02:02","11"
"1150","353740","13.1","27","16.4203","374.901","2.8582","29.9801","2024-10-30 13:03:03","22"
"1151","228627","12.1","22","4.1051","374.901","2.8582","40.6873","2024-10-30 13:04:04","20"
"1152","354124","7.9","17","2.0525","374.901","0","44.9702","2024-10-30 13:05:05","13"
"1153","225629","13.3","27","41.0507","749.802","2.8582","66.3846","2024-10-30 14:00:01","22"
"1154","225567","20.7","49","28.7355","499.868","2.8582","38.5459","2024-10-30 14:01:03","40"
"1155","228544","6.6","11","4.1051","499.868","2.8582","49.2531","2024-10-30 14:02:09","11"
"1156","353740","13.2","27","16.4203","374.901","2.8582","34.263","2024-10-30 14:03:10","22"
"1157","228627","12","22","6.1576","374.901","2.8582","47.1116","2024-10-30 14:04:11","20"
"1158","354124","7.9","17","2.0525","374.901","0","49.2531","2024-10-30 14:05:12","13"
"1159","225629","13.6","27","41.0507","749.802","2.8582","74.9503","2024-10-30 15:00:01","23"
"1160","225567","20.9","48","28.7355","624.835","2.8582","44.9702","2024-10-30 15:01:01","40"
"1161","228544","6.4","11","6.1576","499.868","2.8582","55.6774","2024-10-30 15:02:02","11"
"1162","353740","13.4","27","16.4203","374.901","0","40.6873","2024-10-30 15:03:03","22"
"1163","228627","11.9","22","6.1576","249.934","2.8582","49.2531","2024-10-30 15:04:04","20"
"1164","354124","7.9","17","2.0525","374.901","0","51.3945","2024-10-30 15:05:05","13"
"1165","225629","14","28","34.8931","624.835","2.8582","92.0819","2024-10-30 16:00:00","23"
"1166","225567","20.8","48","32.8405","624.835","2.8582","53.536","2024-10-30 16:01:01","40"
"1167","228544","6.3","11","6.1576","499.868","2.8582","64.2432","2024-10-30 16:02:02","11"
"1168","353740","13.6","27","12.3152","374.901","0","47.1116","2024-10-30 16:03:03","23"
"1169","228627","11.8","22","4.1051","249.934","2.8582","55.6774","2024-10-30 16:04:04","20"
"1170","354124","8.1","18","2.0525","374.901","0","59.9603","2024-10-30 16:05:05","14"
"1171","225629","14.3","28","43.1032","624.835","2.8582","111.355","2024-10-30 17:00:01","24"
"1172","225567","21","48","65.6811","624.835","2.8582","57.8188","2024-10-30 17:01:02","40"
"1173","228544","6.8","11","4.1051","499.868","2.8582","68.526","2024-10-30 17:02:02","11"
"1174","353740","13.6","27","22.5779","374.901","2.8582","53.536","2024-10-30 17:03:03","23"
"1175","228627","11.8","22","4.1051","124.967","2.8582","62.1017","2024-10-30 17:04:04","20"
"1176","354124","8.2","18","2.0525","249.934","0","70.6675","2024-10-30 17:05:05","14"
"1177","225629","14.5","28","51.3134","624.835","2.8582","126.345","2024-10-30 18:00:07","24"
"1178","225567","20.9","48","53.3659","624.835","2.8582","64.2432","2024-10-30 18:01:08","40"
"1179","228544","6.8","11","8.2101","499.868","2.8582","68.526","2024-10-30 18:02:08","11"
"1180","353740","13.7","27","34.8931","374.901","2.8582","55.6774","2024-10-30 18:03:09","23"
"1181","228627","11.8","22","4.1051","124.967","2.8582","64.2432","2024-10-30 18:04:10","20"
"1182","354124","8.3","18","2.0525","249.934","0","79.2332","2024-10-30 18:05:10","14"
"1183","225629","14.9","27","43.1032","499.868","2.8582","132.769","2024-10-30 19:00:00","25"
"1184","225567","20.9","48","53.3659","624.835","2.8582","64.2432","2024-10-30 19:01:01","40"
"1185","228544","6.8","11","8.2101","499.868","2.8582","68.526","2024-10-30 19:02:02","11"
"1186","353740","13.7","27","34.8931","374.901","2.8582","55.6774","2024-10-30 19:03:03","23"
"1187","228627","11.8","22","4.1051","124.967","2.8582","64.2432","2024-10-30 19:04:04","20"
"1188","354124","8.3","18","2.0525","249.934","0","79.2332","2024-10-30 19:05:05","14"
"1189","225629","14.6","27","49.2608","499.868","2.8582","130.628","2024-10-30 20:00:01","24"
"1190","225567","22","49","32.8405","749.802","2.8582","64.2432","2024-10-30 20:01:02","43"
"1191","228544","6.6","11","10.2627","499.868","2.8582","66.3846","2024-10-30 20:02:03","11"
"1192","353740","13.5","26","55.4184","499.868","2.8582","49.2531","2024-10-30 20:03:03","22"
"1193","228627","11.8","22","12.3152","124.967","0","64.2432","2024-10-30 20:04:04","20"
"1194","354124","8.5","19","49.2608","374.901","0","79.2332","2024-10-30 20:05:05","14"
"1195","225629","14.1","27","67.7336","624.835","2.8582","117.779","2024-10-30 21:00:02","24"
"1196","225567","22.3","49","32.8405","749.802","2.8582","59.9603","2024-10-30 21:01:03","43"
"1197","228544","6.5","11","10.2627","499.868","2.8582","64.2432","2024-10-30 21:02:16","11"
"1198","353740","13.4","26","45.1558","499.868","2.8582","44.9702","2024-10-30 21:03:17","22"
"1199","228627","11.7","22","18.4728","124.967","0","59.9603","2024-10-30 21:04:18","19"
"1200","354124","8.7","19","36.9456","374.901","0","74.9503","2024-10-30 21:05:29","14"
"1201","225629","13.8","26","51.3134","624.835","2.8582","100.648","2024-10-30 22:00:23","23"
"1202","225567","22.4","49","30.788","749.802","2.8582","55.6774","2024-10-30 22:01:32","44"
"1203","228544","6.4","11","10.2627","499.868","2.8582","59.9603","2024-10-30 22:02:36","11"
"1204","353740","13.1","25","43.1032","499.868","0","36.4045","2024-10-30 22:03:38","22"
"1205","228627","11.5","21","16.4203","124.967","0","55.6774","2024-10-30 22:04:45","19"
"1206","354124","9","20","28.7355","374.901","0","72.8089","2024-10-30 22:05:54","15"
"1207","225629","14.1","31","65.5211","624.835","2.8582","38.2459","2024-10-30 23:00:01","24"
"1208","225567","22.5","51","41.0107","499.868","2.8582","29.9401","2024-10-30 23:01:02","44"
"1209","228544","6.6","11","10.2627","624.845","2.8582","27.8387","2024-10-30 23:02:03","11"
"1210","353740","12.8","25","16.4203","374.921","0","17.1315","2024-10-30 23:03:03","21"
"1211","228627","10.7","21","6.1576","624.835","0","27.3387","2024-10-30 23:04:04","18"
"1212","354124","9.4","20","18.4228","374.901","0","32.1216","2024-10-30 23:05:05","16"
